{
  "_fv": 57,
  "_type": "livingentity",
  "definition": {
    "mobName": "Prey(Player)",
    "mobLabel": "",
    "mobModelName": "Silverfish",
    "mobModelTexture": "silverfish.png",
    "transparentModelCondition": {
      "fixedValue": false
    },
    "isShakingCondition": {
      "fixedValue": false
    },
    "solidBoundingBox": {
      "fixedValue": false
    },
    "visualScale": {
      "fixedValue": 1.0
    },
    "boundingBoxScale": {
      "fixedValue": 1.0
    },
    "modelLayers": [],
    "modelWidth": 0.5,
    "modelHeight": 0.5,
    "modelShadowSize": 0.5,
    "mountedYOffset": -0.5,
    "hasSpawnEgg": true,
    "spawnEggBaseColor": {
      "value": -1,
      "falpha": 0.0
    },
    "spawnEggDotColor": {
      "value": -16711936,
      "falpha": 0.0
    },
    "creativeTab": {
      "value": "MISC"
    },
    "isBoss": false,
    "bossBarColor": "PINK",
    "bossBarType": "PROGRESS",
    "equipmentMainHand": {
      "value": ""
    },
    "equipmentOffHand": {
      "value": ""
    },
    "equipmentHelmet": {
      "value": ""
    },
    "equipmentBody": {
      "value": ""
    },
    "equipmentLeggings": {
      "value": ""
    },
    "equipmentBoots": {
      "value": ""
    },
    "mobBehaviourType": "Creature",
    "mobCreatureType": "UNDEFINED",
    "attackStrength": 0,
    "attackKnockback": 0.0,
    "knockbackResistance": 0.0,
    "movementSpeed": 0.1,
    "stepHeight": 1.0,
    "armorBaseValue": 0.0,
    "trackingRange": 256,
    "followRange": 64,
    "health": 0,
    "xpAmount": 0,
    "waterMob": false,
    "breatheUnderwater": {
      "fixedValue": false
    },
    "pushedByFluids": {
      "fixedValue": true
    },
    "flyingMob": false,
    "guiBoundTo": "<NONE>",
    "inventorySize": 9,
    "inventoryStackSize": 64,
    "disableCollisions": false,
    "ridable": true,
    "canControlForward": true,
    "canControlStrafe": true,
    "immuneToFire": true,
    "immuneToArrows": true,
    "immuneToFallDamage": true,
    "immuneToCactus": true,
    "immuneToDrowning": true,
    "immuneToLightning": true,
    "immuneToPotions": true,
    "immuneToPlayer": false,
    "immuneToExplosion": true,
    "immuneToTrident": true,
    "immuneToAnvil": true,
    "immuneToWither": true,
    "immuneToDragonBreath": true,
    "mobDrop": {
      "value": ""
    },
    "livingSound": {
      "value": ""
    },
    "hurtSound": {
      "value": ""
    },
    "deathSound": {
      "value": ""
    },
    "stepSound": {
      "value": ""
    },
    "entityDataEntries": [],
    "hasAI": true,
    "aiBase": "(none)",
    "aixml": "<xml xmlns=\"https://developers.google.com/blockly/xml\"><block type=\"aitasks_container\" deletable=\"false\" x=\"40\" y=\"40\"></block></xml>",
    "breedable": false,
    "tameable": false,
    "breedTriggerItems": [],
    "ranged": false,
    "rangedAttackItem": {
      "value": ""
    },
    "rangedItemType": "Default item",
    "rangedAttackInterval": 20,
    "rangedAttackRadius": 10.0,
    "spawnThisMob": false,
    "doesDespawnWhenIdle": false,
    "spawningProbability": 20,
    "mobSpawningType": "creature",
    "minNumberOfMobsPerGroup": 1,
    "maxNumberOfMobsPerGroup": 1,
    "restrictionBiomes": [],
    "spawnInDungeons": false
  }
}